Variable i,Variable j,Time lag of i,Link type i --- j,Link value
v1,v1,1,-->,0.87759
v1,v1,2,-->,-0.75012
v1,v1,3,-->,0.62506
v1,v1,4,-->,-0.53434
v1,v1,5,-->,0.4113
v1,v1,6,-->,-0.25383
v1,h1,1,-->,0.32589
v1,h1,2,-->,0.086128
v1,h4,1,-->,0.24781
v1,h4,2,-->,0.11221
v2,v2,1,-->,0.86995
v2,v2,2,-->,-0.77442
v2,v2,3,-->,0.64699
v2,v2,4,-->,-0.52644
v2,v2,5,-->,0.40991
v2,v2,6,-->,-0.37051
v2,v2,7,-->,0.24343
v2,v2,8,-->,-0.12258
v2,h1,1,-->,0.091597
v2,h1,2,-->,0.044482
v2,h2,1,-->,0.25737
v2,h2,2,-->,0.10628
v2,h2,3,-->,0.031909
v2,h3,1,-->,0.44408
v2,h3,2,-->,0.17937
v2,h3,3,-->,0.11723
v2,h4,2,-->,-0.03506
d,d,1,-->,0.7721
d,d,3,-->,-0.2278
d,h3,1,-->,0.15968
d,h4,1,-->,0.25538
h1,h1,1,-->,0.36884
h1,h1,2,-->,0.17498
h1,h2,1,-->,0.10855
h1,h2,5,-->,0.233
h2,h1,1,-->,0.10577
h2,h2,1,-->,0.23896
h2,h2,2,-->,0.14671
h3,h2,1,-->,0.049379
h3,h2,2,-->,0.064715
h3,h2,4,-->,0.051453
h4,h1,1,-->,0.06956
h4,h4,1,-->,0.13068
