algorithm,prior_knowledge,tau_max,target,shd,true_positives,false_positives,false_negatives,reversed_edges,unoriented_edges,n_predicted_edges,n_true_edges,undirected_weight,n_edges_lagged,runtime_seconds,completed,assumptions_met
pc,none,0,gt_projected,48.5,2,23,18,5,5,35,30,0.5,35,2.728,True,False
pc,none,0,gt_projected_cpdag,47.0,4,23,18,4,4,35,30,0.5,35,2.728,True,False
pc,none,0,gt_induced,47.5,2,24,17,4,5,35,28,0.5,35,2.728,True,False
pc,none,0,gt_induced_cpdag,46.0,4,24,17,3,4,35,28,0.5,35,2.728,True,False
pc,controller_loops,0,gt_projected,47.5,4,23,18,5,3,35,30,0.5,35,2.039,True,False
pc,controller_loops,0,gt_projected_cpdag,47.0,4,23,18,4,4,35,30,0.5,35,2.039,True,False
pc,controller_loops,0,gt_induced,46.5,4,24,17,4,3,35,28,0.5,35,2.039,True,False
pc,controller_loops,0,gt_induced_cpdag,46.0,4,24,17,3,4,35,28,0.5,35,2.039,True,False
pc_manual,none,0,gt_projected,48.0,4,23,18,6,2,35,30,0.5,35,0.082,True,False
pc_manual,none,0,gt_projected_cpdag,47.5,3,23,18,4,5,35,30,0.5,35,0.082,True,False
pc_manual,none,0,gt_induced,47.0,4,24,17,5,2,35,28,0.5,35,0.082,True,False
pc_manual,none,0,gt_induced_cpdag,46.5,3,24,17,3,5,35,28,0.5,35,0.082,True,False
pcmci_plus,none,1,gt_projected,58.0,7,36,14,7,2,52,30,0.5,78,13.169,True,False
pcmci_plus,none,1,gt_projected_cpdag,56.5,7,36,14,4,5,52,30,0.5,78,13.169,True,False
pcmci_plus,none,1,gt_induced,59.0,6,38,14,6,2,52,28,0.5,78,13.169,True,False
pcmci_plus,none,1,gt_induced_cpdag,57.5,6,38,14,3,5,52,28,0.5,78,13.169,True,False
pcmci_plus,controller_loops,1,gt_projected,57.0,8,36,14,6,2,52,30,0.5,78,13.035,True,False
pcmci_plus,controller_loops,1,gt_projected_cpdag,55.5,8,36,14,3,5,52,30,0.5,78,13.035,True,False
pcmci_plus,controller_loops,1,gt_induced,58.0,7,38,14,5,2,52,28,0.5,78,13.035,True,False
pcmci_plus,controller_loops,1,gt_induced_cpdag,56.5,7,38,14,2,5,52,28,0.5,78,13.035,True,False
pcmci_plus,none,2,gt_projected,67.0,2,40,15,11,2,55,30,0.5,100,16.15,True,False
pcmci_plus,none,2,gt_projected_cpdag,64.5,2,40,15,6,7,55,30,0.5,100,16.15,True,False
pcmci_plus,none,2,gt_induced,68.0,1,42,15,10,2,55,28,0.5,100,16.15,True,False
pcmci_plus,none,2,gt_induced_cpdag,65.5,1,42,15,5,7,55,28,0.5,100,16.15,True,False
pcmci_plus,controller_loops,2,gt_projected,66.0,2,40,15,9,4,55,30,0.5,100,16.098,True,False
pcmci_plus,controller_loops,2,gt_projected_cpdag,63.5,3,40,15,5,7,55,30,0.5,100,16.098,True,False
pcmci_plus,controller_loops,2,gt_induced,67.0,1,42,15,8,4,55,28,0.5,100,16.098,True,False
pcmci_plus,controller_loops,2,gt_induced_cpdag,64.5,2,42,15,4,7,55,28,0.5,100,16.098,True,False
pcmci_plus,none,3,gt_projected,62.5,6,39,16,7,1,53,30,0.5,100,32.64,True,False
pcmci_plus,none,3,gt_projected_cpdag,61.0,5,39,16,3,6,53,30,0.5,100,32.64,True,False
pcmci_plus,none,3,gt_induced,62.5,5,40,15,7,1,53,28,0.5,100,32.64,True,False
pcmci_plus,none,3,gt_induced_cpdag,61.0,4,40,15,3,6,53,28,0.5,100,32.64,True,False
pcmci_plus,controller_loops,3,gt_projected,61.0,7,39,16,5,2,53,30,0.5,100,32.593,True,False
pcmci_plus,controller_loops,3,gt_projected_cpdag,59.5,7,39,16,2,5,53,30,0.5,100,32.593,True,False
pcmci_plus,controller_loops,3,gt_induced,61.0,6,40,15,5,2,53,28,0.5,100,32.593,True,False
pcmci_plus,controller_loops,3,gt_induced_cpdag,59.5,6,40,15,2,5,53,28,0.5,100,32.593,True,False
var_lingam,none,1,gt_projected,198.5,0,176,11,4,15,195,30,0.5,339,120.69,True,False
var_lingam,none,1,gt_projected_cpdag,196.0,5,176,11,4,10,195,30,0.5,339,120.69,True,False
var_lingam,none,1,gt_induced,199.5,0,178,11,4,13,195,28,0.5,339,120.69,True,False
var_lingam,none,1,gt_induced_cpdag,197.0,5,178,11,4,8,195,28,0.5,339,120.69,True,False
var_lingam,controller_loops,1,gt_projected,198.5,0,176,11,4,15,195,30,0.5,339,20.477,True,False
var_lingam,controller_loops,1,gt_projected_cpdag,196.0,5,176,11,4,10,195,30,0.5,339,20.477,True,False
var_lingam,controller_loops,1,gt_induced,199.5,0,178,11,4,13,195,28,0.5,339,20.477,True,False
var_lingam,controller_loops,1,gt_induced_cpdag,197.0,5,178,11,4,8,195,28,0.5,339,20.477,True,False
var_lingam,none,2,gt_projected,198.5,0,176,11,4,15,195,30,0.5,339,20.851,True,False
var_lingam,none,2,gt_projected_cpdag,196.0,5,176,11,4,10,195,30,0.5,339,20.851,True,False
var_lingam,none,2,gt_induced,199.5,0,178,11,4,13,195,28,0.5,339,20.851,True,False
var_lingam,none,2,gt_induced_cpdag,197.0,5,178,11,4,8,195,28,0.5,339,20.851,True,False
var_lingam,controller_loops,2,gt_projected,198.5,0,176,11,4,15,195,30,0.5,339,21.172,True,False
var_lingam,controller_loops,2,gt_projected_cpdag,196.0,5,176,11,4,10,195,30,0.5,339,21.172,True,False
var_lingam,controller_loops,2,gt_induced,199.5,0,178,11,4,13,195,28,0.5,339,21.172,True,False
var_lingam,controller_loops,2,gt_induced_cpdag,197.0,5,178,11,4,8,195,28,0.5,339,21.172,True,False
var_lingam,none,3,gt_projected,198.5,0,176,11,4,15,195,30,0.5,339,21.406,True,False
var_lingam,none,3,gt_projected_cpdag,196.0,5,176,11,4,10,195,30,0.5,339,21.406,True,False
var_lingam,none,3,gt_induced,199.5,0,178,11,4,13,195,28,0.5,339,21.406,True,False
var_lingam,none,3,gt_induced_cpdag,197.0,5,178,11,4,8,195,28,0.5,339,21.406,True,False
var_lingam,controller_loops,3,gt_projected,198.5,0,176,11,4,15,195,30,0.5,339,21.459,True,False
var_lingam,controller_loops,3,gt_projected_cpdag,196.0,5,176,11,4,10,195,30,0.5,339,21.459,True,False
var_lingam,controller_loops,3,gt_induced,199.5,0,178,11,4,13,195,28,0.5,339,21.459,True,False
var_lingam,controller_loops,3,gt_induced_cpdag,197.0,5,178,11,4,8,195,28,0.5,339,21.459,True,False
